Filename,Predicted_Label,预测故障类型
J_0,OR,
J_1,OR,
J_2,B,
J_3,OR,
J_4,OR,
J_5,OR,
J_6,OR,
J_7,IR,
J_8,OR,
J_9,OR,
J_10,B,
J_11,OR,
J_12,IR,
J_13,OR,
J_14,OR,
J_15,B,
J_16,OR,
J_17,OR,
J_18,OR,
J_19,OR,
J_20,IR,
J_21,OR,
J_22,OR,
J_23,B,
J_24,OR,
J_25,IR,
J_26,OR,
J_27,OR,
J_28,IR,
J_29,OR,
J_30,OR,
J_31,OR,
J_32,OR,
J_33,IR,
J_34,OR,
J_35,OR,
J_36,IR,
J_37,OR,
J_38,IR,
J_39,OR,
J_40,OR,
J_41,IR,
J_42,OR,
J_43,OR,
J_44,OR,
J_45,OR,
J_46,IR,
J_47,OR,
J_48,OR,
J_49,IR,
J_50,OR,
J_51,IR,
J_52,OR,
J_53,OR,
J_54,IR,
J_55,OR,
J_56,OR,
J_57,OR,
J_58,OR,
J_59,B,
J_60,OR,
J_61,OR,
J_62,OR,
J_63,OR,
J_64,B,
J_65,OR,
J_66,OR,
J_67,B,
J_68,OR,
J_69,OR,
J_70,OR,
J_71,OR,
J_72,IR,
J_73,OR,
J_74,OR,
J_75,IR,
J_76,OR,
J_77,IR,
J_78,OR,
J_79,OR,
J_80,IR,
J_81,OR,
J_82,OR,
J_83,IR,
J_84,OR,
J_85,IR,
J_86,OR,
J_87,OR,
J_88,B,
J_89,OR,
J_90,IR,
J_91,OR,
J_92,OR,
J_93,IR,
J_94,OR,
J_95,OR,
J_96,B,
J_97,OR,
J_98,IR,
J_99,OR,
J_100,OR,
J_101,IR,
J_102,OR,
J_103,IR,
J_104,OR,
J_105,OR,
J_106,IR,
J_107,OR,
J_108,OR,
J_109,IR,
J_110,OR,
J_111,IR,
J_112,OR,
J_113,OR,
J_114,IR,
J_115,OR,
J_116,OR,
J_117,OR,
J_118,OR,
J_119,B,
J_120,OR,
J_121,OR,
J_122,IR,
J_123,OR,
J_124,IR,
J_125,OR,
J_126,OR,
J_127,B,
J_128,OR,
J_129,OR,
J_130,OR,
J_131,OR,
J_132,IR,
J_133,OR,
J_134,OR,
J_135,B,
J_136,OR,
J_137,IR,
J_138,OR,
J_139,OR,
J_140,IR,
J_141,OR,
J_142,OR,
J_143,OR,
J_144,OR,
J_145,IR,
J_146,OR,
J_147,OR,
J_148,B,
J_149,OR,
J_150,B,
J_151,OR,
J_152,OR,
J_153,IR,
J_154,OR,
J_155,OR,
J_156,OR,
J_157,OR,
J_158,IR,
J_159,OR,
J_160,OR,
J_161,IR,
J_162,OR,
J_163,IR,
J_164,OR,
J_165,OR,
J_166,IR,
J_167,OR,
J_168,OR,
J_169,OR,
J_170,OR,
J_171,B,
J_172,OR,
J_173,OR,
J_174,B,
J_175,OR,
J_176,IR,
J_177,OR,
J_178,OR,
J_179,IR,
J_180,OR,
J_181,OR,
J_182,B,
J_183,OR,
J_184,IR,
J_185,OR,
J_186,OR,
J_187,IR,
J_188,OR,
J_189,OR,
J_190,OR,
J_191,OR,
J_192,IR,
J_193,OR,
J_194,OR,
J_195,IR,
J_196,OR,
J_197,B,
J_198,OR,
J_199,OR,
D_0,B,
D_1,B,
D_2,B,
D_3,IR,
D_4,B,
D_5,B,
D_6,B,
D_7,IR,
D_8,B,
D_9,B,
D_10,B,
D_11,B,
D_12,B,
D_13,IR,
D_14,B,
D_15,B,
D_16,B,
D_17,B,
D_18,B,
D_19,B,
D_20,B,
D_21,IR,
D_22,B,
D_23,B,
D_24,B,
D_25,IR,
D_26,B,
D_27,B,
D_28,B,
D_29,B,
D_30,B,
D_31,B,
D_32,B,
D_33,B,
D_34,B,
D_35,B,
D_36,B,
D_37,B,
D_38,B,
D_39,B,
D_40,B,
D_41,B,
D_42,B,
D_43,B,
D_44,IR,
D_45,B,
D_46,B,
D_47,IR,
D_48,B,
D_49,B,
D_50,B,
D_51,B,
D_52,B,
D_53,IR,
D_54,B,
D_55,IR,
D_56,B,
D_57,IR,
D_58,B,
D_59,B,
D_60,B,
D_61,B,
D_62,IR,
D_63,B,
D_64,IR,
D_65,B,
D_66,B,
D_67,B,
D_68,B,
D_69,B,
D_70,B,
D_71,B,
D_72,IR,
D_73,B,
D_74,B,
D_75,IR,
D_76,IR,
D_77,IR,
D_78,B,
D_79,B,
D_80,IR,
D_81,B,
D_82,B,
D_83,B,
D_84,B,
D_85,B,
D_86,B,
D_87,B,
D_88,B,
D_89,B,
D_90,B,
D_91,B,
D_92,B,
D_93,IR,
D_94,B,
D_95,B,
D_96,B,
D_97,IR,
D_98,B,
D_99,B,
D_100,B,
D_101,IR,
D_102,B,
D_103,B,
D_104,B,
D_105,B,
D_106,B,
D_107,B,
D_108,IR,
D_109,B,
D_110,IR,
D_111,IR,
D_112,IR,
D_113,B,
D_114,IR,
D_115,IR,
D_116,B,
D_117,B,
D_118,B,
D_119,B,
D_120,B,
D_121,B,
D_122,IR,
D_123,B,
D_124,B,
D_125,B,
D_126,B,
D_127,B,
D_128,B,
D_129,B,
D_130,B,
D_131,B,
D_132,B,
D_133,B,
D_134,B,
D_135,B,
D_136,B,
D_137,IR,
D_138,B,
D_139,B,
D_140,IR,
D_141,B,
D_142,B,
D_143,B,
D_144,IR,
D_145,B,
D_146,IR,
D_147,B,
D_148,IR,
D_149,IR,
D_150,B,
D_151,IR,
D_152,B,
D_153,B,
D_154,IR,
D_155,IR,
D_156,IR,
D_157,B,
D_158,B,
D_159,B,
D_160,B,
D_161,IR,
D_162,B,
D_163,IR,
D_164,B,
D_165,B,
D_166,IR,
D_167,B,
D_168,IR,
D_169,B,
D_170,B,
D_171,B,
D_172,IR,
D_173,B,
D_174,IR,
D_175,IR,
D_176,B,
D_177,B,
D_178,IR,
D_179,IR,
D_180,B,
D_181,IR,
D_182,B,
D_183,B,
D_184,B,
D_185,IR,
D_186,IR,
D_187,B,
D_188,IR,
D_189,IR,
D_190,B,
D_191,B,
D_192,B,
D_193,B,
D_194,IR,
D_195,B,
D_196,B,
D_197,B,
D_198,IR,
D_199,B,
N_0,OR,
N_1,OR,
N_2,OR,
N_3,NORMAL,
N_4,OR,
N_5,OR,
N_6,NORMAL,
N_7,OR,
N_8,OR,
N_9,NORMAL,
N_10,OR,
N_11,OR,
N_12,NORMAL,
N_13,OR,
N_14,NORMAL,
N_15,OR,
N_16,OR,
N_17,IR,
N_18,OR,
N_19,OR,
N_20,OR,
N_21,OR,
N_22,IR,
N_23,OR,
N_24,NORMAL,
N_25,OR,
N_26,OR,
N_27,OR,
N_28,OR,
N_29,IR,
N_30,IR,
N_31,OR,
N_32,NORMAL,
N_33,NORMAL,
N_34,OR,
N_35,IR,
N_36,NORMAL,
N_37,OR,
N_38,OR,
N_39,OR,
N_40,OR,
N_41,OR,
N_42,OR,
N_43,OR,
N_44,OR,
N_45,NORMAL,
N_46,OR,
N_47,OR,
N_48,NORMAL,
N_49,OR,
N_50,IR,
N_51,B,
N_52,OR,
N_53,OR,
N_54,NORMAL,
N_55,OR,
N_56,OR,
N_57,OR,
N_58,B,
N_59,OR,
N_60,OR,
N_61,OR,
N_62,OR,
N_63,NORMAL,
N_64,OR,
N_65,OR,
N_66,NORMAL,
N_67,OR,
N_68,OR,
N_69,OR,
N_70,OR,
N_71,OR,
N_72,OR,
N_73,OR,
N_74,OR,
N_75,OR,
N_76,OR,
N_77,OR,
N_78,OR,
N_79,IR,
N_80,OR,
N_81,OR,
N_82,OR,
N_83,OR,
N_84,NORMAL,
N_85,OR,
N_86,OR,
N_87,B,
N_88,IR,
N_89,IR,
N_90,OR,
N_91,OR,
N_92,OR,
N_93,OR,
N_94,OR,
N_95,OR,
N_96,OR,
N_97,IR,
N_98,OR,
N_99,OR,
N_100,NORMAL,
N_101,OR,
N_102,NORMAL,
N_103,NORMAL,
N_104,OR,
N_105,B,
N_106,OR,
N_107,IR,
N_108,OR,
N_109,NORMAL,
N_110,OR,
N_111,IR,
N_112,OR,
N_113,OR,
N_114,OR,
N_115,NORMAL,
N_116,OR,
N_117,OR,
N_118,NORMAL,
N_119,OR,
N_120,OR,
N_121,NORMAL,
N_122,OR,
N_123,NORMAL,
N_124,IR,
N_125,OR,
N_126,OR,
N_127,NORMAL,
N_128,OR,
N_129,OR,
N_130,OR,
N_131,OR,
N_132,B,
N_133,OR,
N_134,OR,
N_135,OR,
N_136,NORMAL,
N_137,OR,
N_138,NORMAL,
N_139,NORMAL,
N_140,IR,
N_141,OR,
N_142,NORMAL,
N_143,OR,
N_144,OR,
N_145,B,
N_146,OR,
N_147,IR,
N_148,OR,
N_149,OR,
N_150,OR,
N_151,NORMAL,
N_152,OR,
N_153,OR,
N_154,B,
N_155,OR,
N_156,OR,
N_157,OR,
N_158,OR,
N_159,OR,
N_160,B,
N_161,OR,
N_162,IR,
N_163,IR,
N_164,OR,
N_165,OR,
N_166,OR,
N_167,OR,
N_168,OR,
N_169,OR,
N_170,OR,
N_171,OR,
N_172,B,
N_173,IR,
N_174,OR,
N_175,NORMAL,
N_176,IR,
N_177,OR,
N_178,NORMAL,
N_179,OR,
N_180,OR,
N_181,NORMAL,
N_182,OR,
N_183,OR,
N_184,OR,
N_185,OR,
N_186,OR,
N_187,OR,
N_188,OR,
N_189,OR,
N_190,OR,
N_191,OR,
N_192,OR,
N_193,OR,
N_194,IR,
N_195,OR,
N_196,IR,
N_197,OR,
N_198,OR,
N_199,NORMAL,
O_0,NORMAL,
O_1,NORMAL,
O_2,NORMAL,
O_3,NORMAL,
O_4,NORMAL,
O_5,NORMAL,
O_6,NORMAL,
O_7,NORMAL,
O_8,NORMAL,
O_9,NORMAL,
O_10,NORMAL,
O_11,NORMAL,
O_12,NORMAL,
O_13,NORMAL,
O_14,NORMAL,
O_15,NORMAL,
O_16,NORMAL,
O_17,NORMAL,
O_18,NORMAL,
O_19,NORMAL,
O_20,NORMAL,
O_21,NORMAL,
O_22,NORMAL,
O_23,NORMAL,
O_24,NORMAL,
O_25,NORMAL,
O_26,NORMAL,
O_27,NORMAL,
O_28,NORMAL,
O_29,NORMAL,
O_30,NORMAL,
O_31,NORMAL,
O_32,NORMAL,
O_33,NORMAL,
O_34,NORMAL,
O_35,NORMAL,
O_36,NORMAL,
O_37,NORMAL,
O_38,NORMAL,
O_39,NORMAL,
O_40,NORMAL,
O_41,NORMAL,
O_42,NORMAL,
O_43,NORMAL,
O_44,NORMAL,
O_45,NORMAL,
O_46,NORMAL,
O_47,NORMAL,
O_48,NORMAL,
O_49,NORMAL,
O_50,NORMAL,
O_51,NORMAL,
O_52,NORMAL,
O_53,NORMAL,
O_54,NORMAL,
O_55,NORMAL,
O_56,NORMAL,
O_57,NORMAL,
O_58,NORMAL,
O_59,NORMAL,
O_60,NORMAL,
O_61,NORMAL,
O_62,NORMAL,
O_63,NORMAL,
O_64,NORMAL,
O_65,NORMAL,
O_66,NORMAL,
O_67,NORMAL,
O_68,NORMAL,
O_69,NORMAL,
O_70,NORMAL,
O_71,NORMAL,
O_72,NORMAL,
O_73,NORMAL,
O_74,NORMAL,
O_75,NORMAL,
O_76,NORMAL,
O_77,NORMAL,
O_78,NORMAL,
O_79,NORMAL,
O_80,NORMAL,
O_81,NORMAL,
O_82,NORMAL,
O_83,NORMAL,
O_84,NORMAL,
O_85,NORMAL,
O_86,NORMAL,
O_87,NORMAL,
O_88,NORMAL,
O_89,NORMAL,
O_90,NORMAL,
O_91,NORMAL,
O_92,NORMAL,
O_93,NORMAL,
O_94,NORMAL,
O_95,NORMAL,
O_96,NORMAL,
O_97,NORMAL,
O_98,NORMAL,
O_99,NORMAL,
O_100,NORMAL,
O_101,NORMAL,
O_102,NORMAL,
O_103,NORMAL,
O_104,NORMAL,
O_105,NORMAL,
O_106,NORMAL,
O_107,NORMAL,
O_108,NORMAL,
O_109,NORMAL,
O_110,NORMAL,
O_111,NORMAL,
O_112,NORMAL,
O_113,NORMAL,
O_114,NORMAL,
O_115,NORMAL,
O_116,NORMAL,
O_117,NORMAL,
O_118,NORMAL,
O_119,NORMAL,
O_120,NORMAL,
O_121,NORMAL,
O_122,NORMAL,
O_123,NORMAL,
O_124,NORMAL,
O_125,NORMAL,
O_126,NORMAL,
O_127,NORMAL,
O_128,NORMAL,
O_129,NORMAL,
O_130,NORMAL,
O_131,NORMAL,
O_132,NORMAL,
O_133,NORMAL,
O_134,NORMAL,
O_135,NORMAL,
O_136,NORMAL,
O_137,NORMAL,
O_138,NORMAL,
O_139,NORMAL,
O_140,NORMAL,
O_141,NORMAL,
O_142,NORMAL,
O_143,NORMAL,
O_144,NORMAL,
O_145,NORMAL,
O_146,NORMAL,
O_147,NORMAL,
O_148,NORMAL,
O_149,NORMAL,
O_150,NORMAL,
O_151,NORMAL,
O_152,NORMAL,
O_153,NORMAL,
O_154,NORMAL,
O_155,NORMAL,
O_156,NORMAL,
O_157,NORMAL,
O_158,NORMAL,
O_159,NORMAL,
O_160,NORMAL,
O_161,NORMAL,
O_162,NORMAL,
O_163,NORMAL,
O_164,NORMAL,
O_165,NORMAL,
O_166,NORMAL,
O_167,NORMAL,
O_168,NORMAL,
O_169,NORMAL,
O_170,NORMAL,
O_171,NORMAL,
O_172,NORMAL,
O_173,NORMAL,
O_174,NORMAL,
O_175,NORMAL,
O_176,NORMAL,
O_177,NORMAL,
O_178,NORMAL,
O_179,NORMAL,
O_180,NORMAL,
O_181,NORMAL,
O_182,NORMAL,
O_183,NORMAL,
O_184,NORMAL,
O_185,NORMAL,
O_186,NORMAL,
O_187,NORMAL,
O_188,NORMAL,
O_189,NORMAL,
O_190,NORMAL,
O_191,NORMAL,
O_192,NORMAL,
O_193,NORMAL,
O_194,NORMAL,
O_195,NORMAL,
O_196,NORMAL,
O_197,NORMAL,
O_198,NORMAL,
O_199,NORMAL,
B_0,NORMAL,
B_1,NORMAL,
B_2,NORMAL,
B_3,NORMAL,
B_4,NORMAL,
B_5,NORMAL,
B_6,NORMAL,
B_7,NORMAL,
B_8,NORMAL,
B_9,NORMAL,
B_10,NORMAL,
B_11,NORMAL,
B_12,NORMAL,
B_13,NORMAL,
B_14,NORMAL,
B_15,NORMAL,
B_16,NORMAL,
B_17,NORMAL,
B_18,NORMAL,
B_19,NORMAL,
B_20,NORMAL,
B_21,NORMAL,
B_22,NORMAL,
B_23,NORMAL,
B_24,NORMAL,
B_25,NORMAL,
B_26,NORMAL,
B_27,NORMAL,
B_28,NORMAL,
B_29,NORMAL,
B_30,NORMAL,
B_31,NORMAL,
B_32,NORMAL,
B_33,NORMAL,
B_34,NORMAL,
B_35,NORMAL,
B_36,NORMAL,
B_37,NORMAL,
B_38,NORMAL,
B_39,NORMAL,
B_40,NORMAL,
B_41,NORMAL,
B_42,NORMAL,
B_43,NORMAL,
B_44,NORMAL,
B_45,NORMAL,
B_46,NORMAL,
B_47,NORMAL,
B_48,NORMAL,
B_49,NORMAL,
B_50,NORMAL,
B_51,NORMAL,
B_52,NORMAL,
B_53,NORMAL,
B_54,NORMAL,
B_55,NORMAL,
B_56,NORMAL,
B_57,NORMAL,
B_58,NORMAL,
B_59,NORMAL,
B_60,NORMAL,
B_61,NORMAL,
B_62,NORMAL,
B_63,NORMAL,
B_64,NORMAL,
B_65,NORMAL,
B_66,NORMAL,
B_67,NORMAL,
B_68,NORMAL,
B_69,NORMAL,
B_70,NORMAL,
B_71,NORMAL,
B_72,NORMAL,
B_73,NORMAL,
B_74,NORMAL,
B_75,NORMAL,
B_76,NORMAL,
B_77,NORMAL,
B_78,NORMAL,
B_79,NORMAL,
B_80,NORMAL,
B_81,NORMAL,
B_82,NORMAL,
B_83,NORMAL,
B_84,NORMAL,
B_85,NORMAL,
B_86,NORMAL,
B_87,NORMAL,
B_88,NORMAL,
B_89,NORMAL,
B_90,NORMAL,
B_91,NORMAL,
B_92,NORMAL,
B_93,NORMAL,
B_94,NORMAL,
B_95,NORMAL,
B_96,NORMAL,
B_97,NORMAL,
B_98,NORMAL,
B_99,NORMAL,
B_100,NORMAL,
B_101,NORMAL,
B_102,NORMAL,
B_103,NORMAL,
B_104,NORMAL,
B_105,NORMAL,
B_106,NORMAL,
B_107,NORMAL,
B_108,NORMAL,
B_109,NORMAL,
B_110,NORMAL,
B_111,NORMAL,
B_112,NORMAL,
B_113,NORMAL,
B_114,NORMAL,
B_115,NORMAL,
B_116,NORMAL,
B_117,NORMAL,
B_118,NORMAL,
B_119,NORMAL,
B_120,NORMAL,
B_121,NORMAL,
B_122,NORMAL,
B_123,NORMAL,
B_124,NORMAL,
B_125,NORMAL,
B_126,NORMAL,
B_127,NORMAL,
B_128,NORMAL,
B_129,NORMAL,
B_130,NORMAL,
B_131,NORMAL,
B_132,NORMAL,
B_133,NORMAL,
B_134,NORMAL,
B_135,NORMAL,
B_136,NORMAL,
B_137,NORMAL,
B_138,NORMAL,
B_139,NORMAL,
B_140,NORMAL,
B_141,NORMAL,
B_142,NORMAL,
B_143,NORMAL,
B_144,NORMAL,
B_145,NORMAL,
B_146,NORMAL,
B_147,NORMAL,
B_148,NORMAL,
B_149,NORMAL,
B_150,NORMAL,
B_151,NORMAL,
B_152,NORMAL,
B_153,NORMAL,
B_154,NORMAL,
B_155,NORMAL,
B_156,NORMAL,
B_157,NORMAL,
B_158,NORMAL,
B_159,NORMAL,
B_160,NORMAL,
B_161,NORMAL,
B_162,NORMAL,
B_163,NORMAL,
B_164,NORMAL,
B_165,NORMAL,
B_166,NORMAL,
B_167,NORMAL,
B_168,NORMAL,
B_169,NORMAL,
B_170,NORMAL,
B_171,NORMAL,
B_172,NORMAL,
B_173,NORMAL,
B_174,NORMAL,
B_175,NORMAL,
B_176,NORMAL,
B_177,NORMAL,
B_178,NORMAL,
B_179,NORMAL,
B_180,NORMAL,
B_181,NORMAL,
B_182,NORMAL,
B_183,NORMAL,
B_184,NORMAL,
B_185,NORMAL,
B_186,NORMAL,
B_187,NORMAL,
B_188,NORMAL,
B_189,NORMAL,
B_190,NORMAL,
B_191,NORMAL,
B_192,NORMAL,
B_193,NORMAL,
B_194,NORMAL,
B_195,NORMAL,
B_196,NORMAL,
B_197,NORMAL,
B_198,NORMAL,
B_199,NORMAL,
M_0,IR,
M_1,OR,
M_2,OR,
M_3,IR,
M_4,IR,
M_5,OR,
M_6,IR,
M_7,IR,
M_8,OR,
M_9,IR,
M_10,IR,
M_11,IR,
M_12,IR,
M_13,IR,
M_14,B,
M_15,IR,
M_16,B,
M_17,IR,
M_18,IR,
M_19,OR,
M_20,B,
M_21,OR,
M_22,OR,
M_23,IR,
M_24,IR,
M_25,IR,
M_26,IR,
M_27,IR,
M_28,OR,
M_29,OR,
M_30,IR,
M_31,OR,
M_32,OR,
M_33,IR,
M_34,OR,
M_35,B,
M_36,IR,
M_37,IR,
M_38,IR,
M_39,IR,
M_40,B,
M_41,IR,
M_42,OR,
M_43,IR,
M_44,IR,
M_45,B,
M_46,IR,
M_47,IR,
M_48,IR,
M_49,B,
M_50,IR,
M_51,IR,
M_52,IR,
M_53,OR,
M_54,IR,
M_55,OR,
M_56,IR,
M_57,IR,
M_58,IR,
M_59,OR,
M_60,IR,
M_61,IR,
M_62,IR,
M_63,IR,
M_64,IR,
M_65,IR,
M_66,IR,
M_67,IR,
M_68,OR,
M_69,IR,
M_70,IR,
M_71,IR,
M_72,IR,
M_73,IR,
M_74,IR,
M_75,IR,
M_76,IR,
M_77,OR,
M_78,IR,
M_79,IR,
M_80,IR,
M_81,OR,
M_82,B,
M_83,IR,
M_84,IR,
M_85,IR,
M_86,IR,
M_87,IR,
M_88,OR,
M_89,IR,
M_90,IR,
M_91,OR,
M_92,IR,
M_93,IR,
M_94,OR,
M_95,B,
M_96,IR,
M_97,OR,
M_98,OR,
M_99,IR,
M_100,IR,
M_101,IR,
M_102,OR,
M_103,IR,
M_104,IR,
M_105,IR,
M_106,IR,
M_107,IR,
M_108,IR,
M_109,OR,
M_110,IR,
M_111,IR,
M_112,IR,
M_113,IR,
M_114,IR,
M_115,IR,
M_116,IR,
M_117,IR,
M_118,IR,
M_119,IR,
M_120,IR,
M_121,IR,
M_122,OR,
M_123,IR,
M_124,IR,
M_125,OR,
M_126,OR,
M_127,IR,
M_128,OR,
M_129,IR,
M_130,IR,
M_131,IR,
M_132,IR,
M_133,IR,
M_134,IR,
M_135,IR,
M_136,IR,
M_137,IR,
M_138,IR,
M_139,IR,
M_140,IR,
M_141,IR,
M_142,IR,
M_143,IR,
M_144,IR,
M_145,IR,
M_146,IR,
M_147,IR,
M_148,OR,
M_149,OR,
M_150,B,
M_151,IR,
M_152,IR,
M_153,IR,
M_154,IR,
M_155,IR,
M_156,IR,
M_157,IR,
M_158,IR,
M_159,OR,
M_160,IR,
M_161,OR,
M_162,IR,
M_163,IR,
M_164,B,
M_165,IR,
M_166,IR,
M_167,IR,
M_168,IR,
M_169,IR,
M_170,OR,
M_171,IR,
M_172,IR,
M_173,IR,
M_174,OR,
M_175,OR,
M_176,IR,
M_177,IR,
M_178,OR,
M_179,OR,
M_180,IR,
M_181,IR,
M_182,OR,
M_183,IR,
M_184,IR,
M_185,OR,
M_186,IR,
M_187,OR,
M_188,OR,
M_189,IR,
M_190,IR,
M_191,IR,
M_192,IR,
M_193,OR,
M_194,OR,
M_195,OR,
M_196,IR,
M_197,B,
M_198,OR,
M_199,IR,
G_0,NORMAL,
G_1,NORMAL,
G_2,NORMAL,
G_3,NORMAL,
G_4,NORMAL,
G_5,NORMAL,
G_6,NORMAL,
G_7,NORMAL,
G_8,NORMAL,
G_9,NORMAL,
G_10,NORMAL,
G_11,NORMAL,
G_12,NORMAL,
G_13,NORMAL,
G_14,NORMAL,
G_15,NORMAL,
G_16,NORMAL,
G_17,NORMAL,
G_18,NORMAL,
G_19,NORMAL,
G_20,NORMAL,
G_21,NORMAL,
G_22,NORMAL,
G_23,NORMAL,
G_24,NORMAL,
G_25,NORMAL,
G_26,NORMAL,
G_27,NORMAL,
G_28,NORMAL,
G_29,NORMAL,
G_30,NORMAL,
G_31,NORMAL,
G_32,NORMAL,
G_33,NORMAL,
G_34,NORMAL,
G_35,NORMAL,
G_36,NORMAL,
G_37,NORMAL,
G_38,NORMAL,
G_39,NORMAL,
G_40,NORMAL,
G_41,NORMAL,
G_42,NORMAL,
G_43,NORMAL,
G_44,NORMAL,
G_45,NORMAL,
G_46,NORMAL,
G_47,NORMAL,
G_48,NORMAL,
G_49,NORMAL,
G_50,NORMAL,
G_51,NORMAL,
G_52,NORMAL,
G_53,NORMAL,
G_54,NORMAL,
G_55,NORMAL,
G_56,NORMAL,
G_57,NORMAL,
G_58,NORMAL,
G_59,NORMAL,
G_60,NORMAL,
G_61,NORMAL,
G_62,NORMAL,
G_63,NORMAL,
G_64,NORMAL,
G_65,NORMAL,
G_66,NORMAL,
G_67,NORMAL,
G_68,NORMAL,
G_69,NORMAL,
G_70,NORMAL,
G_71,NORMAL,
G_72,NORMAL,
G_73,NORMAL,
G_74,NORMAL,
G_75,NORMAL,
G_76,NORMAL,
G_77,NORMAL,
G_78,NORMAL,
G_79,NORMAL,
G_80,NORMAL,
G_81,NORMAL,
G_82,NORMAL,
G_83,NORMAL,
G_84,NORMAL,
G_85,NORMAL,
G_86,NORMAL,
G_87,NORMAL,
G_88,NORMAL,
G_89,NORMAL,
G_90,NORMAL,
G_91,NORMAL,
G_92,NORMAL,
G_93,NORMAL,
G_94,NORMAL,
G_95,NORMAL,
G_96,NORMAL,
G_97,NORMAL,
G_98,NORMAL,
G_99,NORMAL,
G_100,NORMAL,
G_101,NORMAL,
G_102,NORMAL,
G_103,NORMAL,
G_104,NORMAL,
G_105,NORMAL,
G_106,NORMAL,
G_107,NORMAL,
G_108,NORMAL,
G_109,NORMAL,
G_110,NORMAL,
G_111,NORMAL,
G_112,NORMAL,
G_113,NORMAL,
G_114,NORMAL,
G_115,NORMAL,
G_116,NORMAL,
G_117,NORMAL,
G_118,NORMAL,
G_119,NORMAL,
G_120,NORMAL,
G_121,NORMAL,
G_122,NORMAL,
G_123,NORMAL,
G_124,NORMAL,
G_125,NORMAL,
G_126,NORMAL,
G_127,NORMAL,
G_128,NORMAL,
G_129,NORMAL,
G_130,NORMAL,
G_131,NORMAL,
G_132,NORMAL,
G_133,NORMAL,
G_134,NORMAL,
G_135,NORMAL,
G_136,NORMAL,
G_137,NORMAL,
G_138,NORMAL,
G_139,NORMAL,
G_140,NORMAL,
G_141,NORMAL,
G_142,NORMAL,
G_143,NORMAL,
G_144,NORMAL,
G_145,NORMAL,
G_146,NORMAL,
G_147,NORMAL,
G_148,NORMAL,
G_149,NORMAL,
G_150,NORMAL,
G_151,NORMAL,
G_152,NORMAL,
G_153,NORMAL,
G_154,NORMAL,
G_155,NORMAL,
G_156,NORMAL,
G_157,NORMAL,
G_158,NORMAL,
G_159,NORMAL,
G_160,NORMAL,
G_161,NORMAL,
G_162,NORMAL,
G_163,NORMAL,
G_164,NORMAL,
G_165,NORMAL,
G_166,NORMAL,
G_167,NORMAL,
G_168,NORMAL,
G_169,NORMAL,
G_170,NORMAL,
G_171,NORMAL,
G_172,NORMAL,
G_173,NORMAL,
G_174,NORMAL,
G_175,NORMAL,
G_176,NORMAL,
G_177,NORMAL,
G_178,NORMAL,
G_179,NORMAL,
G_180,NORMAL,
G_181,NORMAL,
G_182,NORMAL,
G_183,NORMAL,
G_184,NORMAL,
G_185,NORMAL,
G_186,NORMAL,
G_187,NORMAL,
G_188,NORMAL,
G_189,NORMAL,
G_190,NORMAL,
G_191,NORMAL,
G_192,NORMAL,
G_193,NORMAL,
G_194,NORMAL,
G_195,NORMAL,
G_196,NORMAL,
G_197,NORMAL,
G_198,NORMAL,
G_199,NORMAL,
F_0,B,
F_1,NORMAL,
F_2,B,
F_3,NORMAL,
F_4,B,
F_5,NORMAL,
F_6,NORMAL,
F_7,B,
F_8,B,
F_9,NORMAL,
F_10,NORMAL,
F_11,IR,
F_12,B,
F_13,B,
F_14,B,
F_15,B,
F_16,B,
F_17,B,
F_18,B,
F_19,B,
F_20,NORMAL,
F_21,B,
F_22,B,
F_23,B,
F_24,B,
F_25,B,
F_26,B,
F_27,NORMAL,
F_28,B,
F_29,NORMAL,
F_30,B,
F_31,B,
F_32,B,
F_33,B,
F_34,B,
F_35,B,
F_36,B,
F_37,B,
F_38,B,
F_39,B,
F_40,B,
F_41,B,
F_42,B,
F_43,B,
F_44,B,
F_45,B,
F_46,B,
F_47,B,
F_48,NORMAL,
F_49,B,
F_50,B,
F_51,B,
F_52,B,
F_53,NORMAL,
F_54,B,
F_55,B,
F_56,B,
F_57,B,
F_58,B,
F_59,B,
F_60,NORMAL,
F_61,B,
F_62,IR,
F_63,B,
F_64,B,
F_65,B,
F_66,B,
F_67,B,
F_68,B,
F_69,B,
F_70,NORMAL,
F_71,NORMAL,
F_72,B,
F_73,NORMAL,
F_74,B,
F_75,B,
F_76,NORMAL,
F_77,B,
F_78,NORMAL,
F_79,B,
F_80,B,
F_81,B,
F_82,NORMAL,
F_83,B,
F_84,B,
F_85,B,
F_86,B,
F_87,IR,
F_88,B,
F_89,B,
F_90,B,
F_91,B,
F_92,B,
F_93,B,
F_94,B,
F_95,B,
F_96,B,
F_97,NORMAL,
F_98,NORMAL,
F_99,B,
F_100,NORMAL,
F_101,B,
F_102,NORMAL,
F_103,NORMAL,
F_104,B,
F_105,B,
F_106,B,
F_107,B,
F_108,B,
F_109,B,
F_110,B,
F_111,B,
F_112,B,
F_113,B,
F_114,B,
F_115,B,
F_116,B,
F_117,B,
F_118,B,
F_119,NORMAL,
F_120,NORMAL,
F_121,NORMAL,
F_122,NORMAL,
F_123,B,
F_124,B,
F_125,B,
F_126,NORMAL,
F_127,B,
F_128,B,
F_129,NORMAL,
F_130,B,
F_131,B,
F_132,NORMAL,
F_133,NORMAL,
F_134,NORMAL,
F_135,B,
F_136,NORMAL,
F_137,B,
F_138,IR,
F_139,B,
F_140,NORMAL,
F_141,B,
F_142,B,
F_143,B,
F_144,B,
F_145,B,
F_146,B,
F_147,B,
F_148,NORMAL,
F_149,B,
F_150,B,
F_151,B,
F_152,B,
F_153,B,
F_154,B,
F_155,B,
F_156,NORMAL,
F_157,B,
F_158,B,
F_159,B,
F_160,B,
F_161,NORMAL,
F_162,B,
F_163,NORMAL,
F_164,B,
F_165,B,
F_166,B,
F_167,B,
F_168,B,
F_169,B,
F_170,B,
F_171,B,
F_172,B,
F_173,B,
F_174,B,
F_175,B,
F_176,NORMAL,
F_177,NORMAL,
F_178,NORMAL,
F_179,B,
F_180,B,
F_181,B,
F_182,B,
F_183,B,
F_184,B,
F_185,B,
F_186,B,
F_187,B,
F_188,NORMAL,
F_189,B,
F_190,B,
F_191,B,
F_192,NORMAL,
F_193,B,
F_194,B,
F_195,B,
F_196,B,
F_197,NORMAL,
F_198,B,
F_199,B,
I_0,OR,
I_1,OR,
I_2,IR,
I_3,OR,
I_4,OR,
I_5,IR,
I_6,OR,
I_7,IR,
I_8,OR,
I_9,OR,
I_10,IR,
I_11,OR,
I_12,B,
I_13,OR,
I_14,OR,
I_15,IR,
I_16,OR,
I_17,OR,
I_18,IR,
I_19,OR,
I_20,B,
I_21,OR,
I_22,OR,
I_23,IR,
I_24,OR,
I_25,IR,
I_26,OR,
I_27,OR,
I_28,B,
I_29,OR,
I_30,OR,
I_31,IR,
I_32,OR,
I_33,IR,
I_34,IR,
I_35,OR,
I_36,IR,
I_37,OR,
I_38,IR,
I_39,IR,
I_40,OR,
I_41,IR,
I_42,IR,
I_43,OR,
I_44,IR,
I_45,OR,
I_46,IR,
I_47,B,
I_48,OR,
I_49,IR,
I_50,OR,
I_51,B,
I_52,B,
I_53,OR,
I_54,IR,
I_55,OR,
I_56,OR,
I_57,B,
I_58,OR,
I_59,IR,
I_60,IR,
I_61,OR,
I_62,IR,
I_63,OR,
I_64,B,
I_65,IR,
I_66,OR,
I_67,OR,
I_68,OR,
I_69,OR,
I_70,IR,
I_71,OR,
I_72,B,
I_73,IR,
I_74,OR,
I_75,IR,
I_76,OR,
I_77,OR,
I_78,IR,
I_79,OR,
I_80,IR,
I_81,OR,
I_82,OR,
I_83,IR,
I_84,OR,
I_85,B,
I_86,B,
I_87,OR,
I_88,IR,
I_89,OR,
I_90,B,
I_91,B,
I_92,OR,
I_93,OR,
I_94,OR,
I_95,OR,
I_96,IR,
I_97,OR,
I_98,OR,
I_99,B,
I_100,OR,
I_101,IR,
I_102,OR,
I_103,OR,
I_104,IR,
I_105,OR,
I_106,OR,
I_107,OR,
I_108,OR,
I_109,IR,
I_110,OR,
I_111,OR,
I_112,IR,
I_113,OR,
I_114,IR,
I_115,OR,
I_116,OR,
I_117,IR,
I_118,OR,
I_119,OR,
I_120,OR,
I_121,OR,
I_122,IR,
I_123,OR,
I_124,OR,
I_125,B,
I_126,OR,
I_127,IR,
I_128,OR,
I_129,OR,
I_130,IR,
I_131,OR,
I_132,OR,
I_133,OR,
I_134,OR,
I_135,B,
I_136,OR,
I_137,OR,
I_138,IR,
I_139,OR,
I_140,B,
I_141,OR,
I_142,OR,
I_143,IR,
I_144,OR,
I_145,OR,
I_146,OR,
I_147,OR,
I_148,IR,
I_149,OR,
I_150,OR,
I_151,IR,
I_152,OR,
I_153,IR,
I_154,OR,
I_155,OR,
I_156,IR,
I_157,OR,
I_158,OR,
I_159,OR,
I_160,IR,
I_161,IR,
I_162,OR,
I_163,OR,
I_164,B,
I_165,OR,
I_166,IR,
I_167,B,
I_168,OR,
I_169,B,
I_170,OR,
I_171,OR,
I_172,OR,
I_173,OR,
I_174,IR,
I_175,OR,
I_176,OR,
I_177,IR,
I_178,OR,
I_179,IR,
I_180,OR,
I_181,OR,
I_182,IR,
I_183,OR,
I_184,OR,
I_185,OR,
I_186,B,
I_187,IR,
I_188,OR,
I_189,OR,
I_190,IR,
I_191,OR,
I_192,IR,
I_193,OR,
I_194,OR,
I_195,IR,
I_196,OR,
I_197,B,
I_198,OR,
I_199,OR,
H_0,IR,
H_1,IR,
H_2,IR,
H_3,OR,
H_4,B,
H_5,IR,
H_6,B,
H_7,IR,
H_8,OR,
H_9,IR,
H_10,IR,
H_11,IR,
H_12,OR,
H_13,IR,
H_14,OR,
H_15,IR,
H_16,IR,
H_17,OR,
H_18,OR,
H_19,IR,
H_20,OR,
H_21,OR,
H_22,B,
H_23,IR,
H_24,OR,
H_25,B,
H_26,OR,
H_27,OR,
H_28,IR,
H_29,B,
H_30,OR,
H_31,OR,
H_32,OR,
H_33,B,
H_34,IR,
H_35,IR,
H_36,IR,
H_37,OR,
H_38,OR,
H_39,IR,
H_40,B,
H_41,IR,
H_42,OR,
H_43,IR,
H_44,IR,
H_45,B,
H_46,OR,
H_47,B,
H_48,B,
H_49,IR,
H_50,OR,
H_51,IR,
H_52,B,
H_53,OR,
H_54,B,
H_55,IR,
H_56,IR,
H_57,B,
H_58,IR,
H_59,IR,
H_60,B,
H_61,IR,
H_62,IR,
H_63,IR,
H_64,OR,
H_65,IR,
H_66,OR,
H_67,OR,
H_68,B,
H_69,B,
H_70,IR,
H_71,OR,
H_72,OR,
H_73,IR,
H_74,IR,
H_75,OR,
H_76,OR,
H_77,IR,
H_78,IR,
H_79,IR,
H_80,IR,
H_81,IR,
H_82,OR,
H_83,IR,
H_84,OR,
H_85,IR,
H_86,OR,
H_87,B,
H_88,IR,
H_89,IR,
H_90,OR,
H_91,B,
H_92,IR,
H_93,IR,
H_94,OR,
H_95,IR,
H_96,IR,
H_97,IR,
H_98,B,
H_99,OR,
H_100,IR,
H_101,IR,
H_102,OR,
H_103,B,
H_104,B,
H_105,IR,
H_106,IR,
H_107,B,
H_108,OR,
H_109,IR,
H_110,OR,
H_111,IR,
H_112,IR,
H_113,IR,
H_114,B,
H_115,B,
H_116,B,
H_117,B,
H_118,IR,
H_119,B,
H_120,IR,
H_121,OR,
H_122,OR,
H_123,OR,
H_124,IR,
H_125,IR,
H_126,B,
H_127,IR,
H_128,OR,
H_129,OR,
H_130,IR,
H_131,IR,
H_132,IR,
H_133,IR,
H_134,IR,
H_135,IR,
H_136,OR,
H_137,IR,
H_138,IR,
H_139,B,
H_140,B,
H_141,IR,
H_142,B,
H_143,IR,
H_144,OR,
H_145,B,
H_146,IR,
H_147,IR,
H_148,B,
H_149,B,
H_150,OR,
H_151,IR,
H_152,IR,
H_153,B,
H_154,B,
H_155,IR,
H_156,IR,
H_157,IR,
H_158,OR,
H_159,IR,
H_160,OR,
H_161,IR,
H_162,OR,
H_163,IR,
H_164,IR,
H_165,IR,
H_166,B,
H_167,IR,
H_168,IR,
H_169,IR,
H_170,IR,
H_171,IR,
H_172,OR,
H_173,IR,
H_174,IR,
H_175,IR,
H_176,IR,
H_177,IR,
H_178,IR,
H_179,IR,
H_180,OR,
H_181,IR,
H_182,IR,
H_183,OR,
H_184,IR,
H_185,IR,
H_186,IR,
H_187,OR,
H_188,IR,
H_189,IR,
H_190,IR,
H_191,B,
H_192,B,
H_193,OR,
H_194,IR,
H_195,IR,
H_196,IR,
H_197,IR,
H_198,IR,
H_199,IR,
C_0,OR,
C_1,IR,
C_2,OR,
C_3,OR,
C_4,IR,
C_5,OR,
C_6,IR,
C_7,OR,
C_8,OR,
C_9,IR,
C_10,OR,
C_11,OR,
C_12,OR,
C_13,OR,
C_14,IR,
C_15,OR,
C_16,OR,
C_17,B,
C_18,OR,
C_19,IR,
C_20,OR,
C_21,OR,
C_22,IR,
C_23,OR,
C_24,OR,
C_25,OR,
C_26,OR,
C_27,IR,
C_28,OR,
C_29,OR,
C_30,B,
C_31,OR,
C_32,IR,
C_33,OR,
C_34,OR,
C_35,IR,
C_36,OR,
C_37,OR,
C_38,OR,
C_39,OR,
C_40,B,
C_41,OR,
C_42,OR,
C_43,IR,
C_44,OR,
C_45,IR,
C_46,OR,
C_47,OR,
C_48,IR,
C_49,OR,
C_50,OR,
C_51,IR,
C_52,OR,
C_53,IR,
C_54,OR,
C_55,OR,
C_56,IR,
C_57,OR,
C_58,IR,
C_59,OR,
C_60,OR,
C_61,IR,
C_62,OR,
C_63,OR,
C_64,OR,
C_65,OR,
C_66,IR,
C_67,OR,
C_68,OR,
C_69,IR,
C_70,OR,
C_71,IR,
C_72,OR,
C_73,OR,
C_74,IR,
C_75,OR,
C_76,OR,
C_77,OR,
C_78,OR,
C_79,IR,
C_80,OR,
C_81,OR,
C_82,IR,
C_83,OR,
C_84,IR,
C_85,OR,
C_86,OR,
C_87,IR,
C_88,OR,
C_89,OR,
C_90,IR,
C_91,OR,
C_92,B,
C_93,OR,
C_94,OR,
C_95,B,
C_96,OR,
C_97,IR,
C_98,OR,
C_99,OR,
C_100,IR,
C_101,OR,
C_102,OR,
C_103,IR,
C_104,OR,
C_105,B,
C_106,OR,
C_107,OR,
C_108,B,
C_109,OR,
C_110,IR,
C_111,OR,
C_112,OR,
C_113,IR,
C_114,OR,
C_115,OR,
C_116,B,
C_117,OR,
C_118,IR,
C_119,OR,
C_120,OR,
C_121,B,
C_122,OR,
C_123,IR,
C_124,OR,
C_125,OR,
C_126,B,
C_127,OR,
C_128,OR,
C_129,IR,
C_130,OR,
C_131,IR,
C_132,OR,
C_133,OR,
C_134,B,
C_135,OR,
C_136,B,
C_137,OR,
C_138,OR,
C_139,IR,
C_140,OR,
C_141,OR,
C_142,IR,
C_143,OR,
C_144,IR,
C_145,OR,
C_146,OR,
C_147,IR,
C_148,OR,
C_149,B,
C_150,OR,
C_151,OR,
C_152,IR,
C_153,OR,
C_154,OR,
C_155,B,
C_156,OR,
C_157,B,
C_158,OR,
C_159,OR,
C_160,IR,
C_161,OR,
C_162,B,
C_163,OR,
C_164,OR,
C_165,IR,
C_166,OR,
C_167,OR,
C_168,IR,
C_169,OR,
C_170,B,
C_171,OR,
C_172,OR,
C_173,B,
C_174,OR,
C_175,B,
C_176,OR,
C_177,OR,
C_178,IR,
C_179,OR,
C_180,OR,
C_181,IR,
C_182,OR,
C_183,IR,
C_184,OR,
C_185,OR,
C_186,IR,
C_187,OR,
C_188,IR,
C_189,OR,
C_190,OR,
C_191,IR,
C_192,OR,
C_193,OR,
C_194,IR,
C_195,OR,
C_196,IR,
C_197,OR,
C_198,OR,
C_199,B,
K_0,IR,
K_1,IR,
K_2,IR,
K_3,B,
K_4,B,
K_5,OR,
K_6,IR,
K_7,B,
K_8,IR,
K_9,IR,
K_10,IR,
K_11,IR,
K_12,OR,
K_13,IR,
K_14,IR,
K_15,IR,
K_16,IR,
K_17,OR,
K_18,OR,
K_19,IR,
K_20,IR,
K_21,IR,
K_22,OR,
K_23,B,
K_24,IR,
K_25,IR,
K_26,IR,
K_27,IR,
K_28,B,
K_29,IR,
K_30,OR,
K_31,OR,
K_32,IR,
K_33,OR,
K_34,IR,
K_35,B,
K_36,IR,
K_37,IR,
K_38,IR,
K_39,IR,
K_40,IR,
K_41,IR,
K_42,OR,
K_43,IR,
K_44,IR,
K_45,IR,
K_46,B,
K_47,B,
K_48,B,
K_49,IR,
K_50,OR,
K_51,IR,
K_52,B,
K_53,IR,
K_54,IR,
K_55,IR,
K_56,IR,
K_57,IR,
K_58,IR,
K_59,OR,
K_60,IR,
K_61,IR,
K_62,IR,
K_63,OR,
K_64,B,
K_65,IR,
K_66,IR,
K_67,IR,
K_68,IR,
K_69,IR,
K_70,OR,
K_71,B,
K_72,IR,
K_73,IR,
K_74,IR,
K_75,IR,
K_76,IR,
K_77,IR,
K_78,OR,
K_79,OR,
K_80,IR,
K_81,IR,
K_82,IR,
K_83,IR,
K_84,IR,
K_85,IR,
K_86,IR,
K_87,IR,
K_88,B,
K_89,IR,
K_90,B,
K_91,B,
K_92,B,
K_93,IR,
K_94,IR,
K_95,B,
K_96,IR,
K_97,IR,
K_98,IR,
K_99,OR,
K_100,IR,
K_101,IR,
K_102,OR,
K_103,B,
K_104,IR,
K_105,IR,
K_106,B,
K_107,IR,
K_108,OR,
K_109,OR,
K_110,IR,
K_111,IR,
K_112,B,
K_113,IR,
K_114,OR,
K_115,OR,
K_116,OR,
K_117,IR,
K_118,IR,
K_119,B,
K_120,IR,
K_121,IR,
K_122,OR,
K_123,OR,
K_124,IR,
K_125,B,
K_126,OR,
K_127,IR,
K_128,B,
K_129,OR,
K_130,IR,
K_131,OR,
K_132,IR,
K_133,B,
K_134,OR,
K_135,OR,
K_136,IR,
K_137,IR,
K_138,IR,
K_139,IR,
K_140,IR,
K_141,IR,
K_142,B,
K_143,OR,
K_144,OR,
K_145,OR,
K_146,IR,
K_147,B,
K_148,OR,
K_149,OR,
K_150,OR,
K_151,IR,
K_152,OR,
K_153,IR,
K_154,B,
K_155,B,
K_156,IR,
K_157,IR,
K_158,IR,
K_159,B,
K_160,IR,
K_161,IR,
K_162,IR,
K_163,IR,
K_164,IR,
K_165,OR,
K_166,IR,
K_167,IR,
K_168,IR,
K_169,IR,
K_170,IR,
K_171,B,
K_172,IR,
K_173,IR,
K_174,IR,
K_175,IR,
K_176,B,
K_177,B,
K_178,IR,
K_179,IR,
K_180,B,
K_181,IR,
K_182,IR,
K_183,OR,
K_184,IR,
K_185,IR,
K_186,IR,
K_187,IR,
K_188,IR,
K_189,B,
K_190,IR,
K_191,B,
K_192,IR,
K_193,IR,
K_194,B,
K_195,OR,
K_196,IR,
K_197,IR,
K_198,B,
K_199,OR,
P_0,B,
P_1,B,
P_2,B,
P_3,IR,
P_4,B,
P_5,IR,
P_6,B,
P_7,B,
P_8,B,
P_9,B,
P_10,B,
P_11,B,
P_12,B,
P_13,IR,
P_14,IR,
P_15,B,
P_16,B,
P_17,B,
P_18,B,
P_19,B,
P_20,B,
P_21,IR,
P_22,IR,
P_23,B,
P_24,IR,
P_25,IR,
P_26,B,
P_27,IR,
P_28,B,
P_29,IR,
P_30,B,
P_31,B,
P_32,B,
P_33,B,
P_34,B,
P_35,B,
P_36,IR,
P_37,B,
P_38,B,
P_39,IR,
P_40,B,
P_41,IR,
P_42,B,
P_43,B,
P_44,IR,
P_45,IR,
P_46,IR,
P_47,B,
P_48,B,
P_49,IR,
P_50,B,
P_51,B,
P_52,B,
P_53,IR,
P_54,B,
P_55,B,
P_56,IR,
P_57,IR,
P_58,IR,
P_59,IR,
P_60,B,
P_61,B,
P_62,B,
P_63,B,
P_64,B,
P_65,IR,
P_66,IR,
P_67,B,
P_68,B,
P_69,B,
P_70,B,
P_71,IR,
P_72,B,
P_73,B,
P_74,IR,
P_75,B,
P_76,B,
P_77,IR,
P_78,B,
P_79,B,
P_80,IR,
P_81,IR,
P_82,IR,
P_83,B,
P_84,IR,
P_85,B,
P_86,B,
P_87,B,
P_88,B,
P_89,IR,
P_90,B,
P_91,B,
P_92,IR,
P_93,B,
P_94,B,
P_95,B,
P_96,B,
P_97,B,
P_98,B,
P_99,B,
P_100,IR,
P_101,IR,
P_102,B,
P_103,IR,
P_104,B,
P_105,IR,
P_106,B,
P_107,IR,
P_108,B,
P_109,B,
P_110,IR,
P_111,B,
P_112,IR,
P_113,B,
P_114,IR,
P_115,B,
P_116,B,
P_117,B,
P_118,B,
P_119,B,
P_120,B,
P_121,B,
P_122,B,
P_123,IR,
P_124,IR,
P_125,B,
P_126,IR,
P_127,B,
P_128,B,
P_129,B,
P_130,B,
P_131,IR,
P_132,IR,
P_133,B,
P_134,B,
P_135,IR,
P_136,IR,
P_137,B,
P_138,B,
P_139,IR,
P_140,B,
P_141,B,
P_142,B,
P_143,B,
P_144,B,
P_145,B,
P_146,IR,
P_147,B,
P_148,IR,
P_149,B,
P_150,IR,
P_151,IR,
P_152,IR,
P_153,IR,
P_154,B,
P_155,B,
P_156,IR,
P_157,IR,
P_158,B,
P_159,IR,
P_160,IR,
P_161,B,
P_162,IR,
P_163,B,
P_164,B,
P_165,B,
P_166,B,
P_167,IR,
P_168,IR,
P_169,B,
P_170,B,
P_171,B,
P_172,B,
P_173,B,
P_174,IR,
P_175,B,
P_176,B,
P_177,B,
P_178,IR,
P_179,B,
P_180,B,
P_181,B,
P_182,B,
P_183,B,
P_184,B,
P_185,B,
P_186,B,
P_187,IR,
P_188,IR,
P_189,B,
P_190,B,
P_191,B,
P_192,IR,
P_193,IR,
P_194,B,
P_195,B,
P_196,IR,
P_197,B,
P_198,B,
P_199,IR,
A_0,NORMAL,
A_1,NORMAL,
A_2,NORMAL,
A_3,NORMAL,
A_4,NORMAL,
A_5,NORMAL,
A_6,NORMAL,
A_7,NORMAL,
A_8,NORMAL,
A_9,NORMAL,
A_10,NORMAL,
A_11,NORMAL,
A_12,NORMAL,
A_13,NORMAL,
A_14,NORMAL,
A_15,NORMAL,
A_16,NORMAL,
A_17,NORMAL,
A_18,NORMAL,
A_19,NORMAL,
A_20,NORMAL,
A_21,NORMAL,
A_22,NORMAL,
A_23,NORMAL,
A_24,NORMAL,
A_25,NORMAL,
A_26,NORMAL,
A_27,NORMAL,
A_28,NORMAL,
A_29,NORMAL,
A_30,NORMAL,
A_31,NORMAL,
A_32,NORMAL,
A_33,NORMAL,
A_34,NORMAL,
A_35,NORMAL,
A_36,NORMAL,
A_37,NORMAL,
A_38,NORMAL,
A_39,NORMAL,
A_40,NORMAL,
A_41,NORMAL,
A_42,NORMAL,
A_43,NORMAL,
A_44,NORMAL,
A_45,NORMAL,
A_46,NORMAL,
A_47,NORMAL,
A_48,NORMAL,
A_49,NORMAL,
A_50,NORMAL,
A_51,NORMAL,
A_52,NORMAL,
A_53,NORMAL,
A_54,NORMAL,
A_55,NORMAL,
A_56,NORMAL,
A_57,NORMAL,
A_58,NORMAL,
A_59,NORMAL,
A_60,NORMAL,
A_61,NORMAL,
A_62,NORMAL,
A_63,NORMAL,
A_64,NORMAL,
A_65,NORMAL,
A_66,NORMAL,
A_67,NORMAL,
A_68,NORMAL,
A_69,NORMAL,
A_70,NORMAL,
A_71,NORMAL,
A_72,NORMAL,
A_73,NORMAL,
A_74,NORMAL,
A_75,NORMAL,
A_76,NORMAL,
A_77,NORMAL,
A_78,NORMAL,
A_79,NORMAL,
A_80,NORMAL,
A_81,NORMAL,
A_82,NORMAL,
A_83,NORMAL,
A_84,NORMAL,
A_85,NORMAL,
A_86,NORMAL,
A_87,NORMAL,
A_88,NORMAL,
A_89,NORMAL,
A_90,NORMAL,
A_91,NORMAL,
A_92,NORMAL,
A_93,NORMAL,
A_94,NORMAL,
A_95,NORMAL,
A_96,NORMAL,
A_97,NORMAL,
A_98,NORMAL,
A_99,NORMAL,
A_100,NORMAL,
A_101,NORMAL,
A_102,NORMAL,
A_103,NORMAL,
A_104,NORMAL,
A_105,NORMAL,
A_106,NORMAL,
A_107,NORMAL,
A_108,NORMAL,
A_109,NORMAL,
A_110,NORMAL,
A_111,NORMAL,
A_112,NORMAL,
A_113,NORMAL,
A_114,NORMAL,
A_115,NORMAL,
A_116,NORMAL,
A_117,NORMAL,
A_118,NORMAL,
A_119,NORMAL,
A_120,NORMAL,
A_121,NORMAL,
A_122,NORMAL,
A_123,NORMAL,
A_124,NORMAL,
A_125,NORMAL,
A_126,NORMAL,
A_127,NORMAL,
A_128,NORMAL,
A_129,NORMAL,
A_130,NORMAL,
A_131,NORMAL,
A_132,NORMAL,
A_133,NORMAL,
A_134,NORMAL,
A_135,NORMAL,
A_136,NORMAL,
A_137,NORMAL,
A_138,NORMAL,
A_139,NORMAL,
A_140,NORMAL,
A_141,NORMAL,
A_142,NORMAL,
A_143,NORMAL,
A_144,NORMAL,
A_145,NORMAL,
A_146,NORMAL,
A_147,NORMAL,
A_148,NORMAL,
A_149,NORMAL,
A_150,NORMAL,
A_151,NORMAL,
A_152,NORMAL,
A_153,NORMAL,
A_154,NORMAL,
A_155,NORMAL,
A_156,NORMAL,
A_157,NORMAL,
A_158,NORMAL,
A_159,NORMAL,
A_160,NORMAL,
A_161,NORMAL,
A_162,NORMAL,
A_163,NORMAL,
A_164,NORMAL,
A_165,NORMAL,
A_166,NORMAL,
A_167,NORMAL,
A_168,NORMAL,
A_169,NORMAL,
A_170,NORMAL,
A_171,NORMAL,
A_172,NORMAL,
A_173,NORMAL,
A_174,NORMAL,
A_175,NORMAL,
A_176,NORMAL,
A_177,NORMAL,
A_178,NORMAL,
A_179,NORMAL,
A_180,NORMAL,
A_181,NORMAL,
A_182,NORMAL,
A_183,NORMAL,
A_184,NORMAL,
A_185,NORMAL,
A_186,NORMAL,
A_187,NORMAL,
A_188,NORMAL,
A_189,NORMAL,
A_190,NORMAL,
A_191,NORMAL,
A_192,NORMAL,
A_193,NORMAL,
A_194,NORMAL,
A_195,NORMAL,
A_196,NORMAL,
A_197,NORMAL,
A_198,NORMAL,
A_199,NORMAL,
E_0,OR,
E_1,NORMAL,
E_2,OR,
E_3,NORMAL,
E_4,OR,
E_5,OR,
E_6,B,
E_7,OR,
E_8,IR,
E_9,IR,
E_10,OR,
E_11,NORMAL,
E_12,OR,
E_13,OR,
E_14,NORMAL,
E_15,OR,
E_16,NORMAL,
E_17,OR,
E_18,OR,
E_19,NORMAL,
E_20,OR,
E_21,IR,
E_22,OR,
E_23,OR,
E_24,NORMAL,
E_25,OR,
E_26,OR,
E_27,B,
E_28,OR,
E_29,NORMAL,
E_30,OR,
E_31,OR,
E_32,NORMAL,
E_33,OR,
E_34,NORMAL,
E_35,IR,
E_36,OR,
E_37,NORMAL,
E_38,OR,
E_39,OR,
E_40,NORMAL,
E_41,OR,
E_42,B,
E_43,OR,
E_44,OR,
E_45,NORMAL,
E_46,OR,
E_47,NORMAL,
E_48,OR,
E_49,OR,
E_50,NORMAL,
E_51,OR,
E_52,OR,
E_53,NORMAL,
E_54,OR,
E_55,NORMAL,
E_56,OR,
E_57,OR,
E_58,NORMAL,
E_59,OR,
E_60,IR,
E_61,OR,
E_62,OR,
E_63,NORMAL,
E_64,OR,
E_65,IR,
E_66,B,
E_67,OR,
E_68,NORMAL,
E_69,OR,
E_70,OR,
E_71,NORMAL,
E_72,OR,
E_73,IR,
E_74,IR,
E_75,OR,
E_76,B,
E_77,OR,
E_78,OR,
E_79,NORMAL,
E_80,OR,
E_81,NORMAL,
E_82,OR,
E_83,OR,
E_84,IR,
E_85,OR,
E_86,NORMAL,
E_87,B,
E_88,OR,
E_89,B,
E_90,OR,
E_91,OR,
E_92,NORMAL,
E_93,OR,
E_94,NORMAL,
E_95,OR,
E_96,OR,
E_97,NORMAL,
E_98,OR,
E_99,NORMAL,
E_100,NORMAL,
E_101,OR,
E_102,NORMAL,
E_103,OR,
E_104,OR,
E_105,NORMAL,
E_106,OR,
E_107,NORMAL,
E_108,OR,
E_109,OR,
E_110,NORMAL,
E_111,OR,
E_112,NORMAL,
E_113,NORMAL,
E_114,OR,
E_115,NORMAL,
E_116,OR,
E_117,OR,
E_118,NORMAL,
E_119,OR,
E_120,NORMAL,
E_121,OR,
E_122,OR,
E_123,NORMAL,
E_124,OR,
E_125,NORMAL,
E_126,NORMAL,
E_127,OR,
E_128,NORMAL,
E_129,OR,
E_130,OR,
E_131,NORMAL,
E_132,OR,
E_133,IR,
E_134,OR,
E_135,OR,
E_136,B,
E_137,OR,
E_138,B,
E_139,NORMAL,
E_140,OR,
E_141,IR,
E_142,OR,
E_143,OR,
E_144,NORMAL,
E_145,OR,
E_146,NORMAL,
E_147,OR,
E_148,OR,
E_149,NORMAL,
E_150,OR,
E_151,B,
E_152,IR,
E_153,OR,
E_154,NORMAL,
E_155,OR,
E_156,OR,
E_157,NORMAL,
E_158,OR,
E_159,NORMAL,
E_160,IR,
E_161,OR,
E_162,B,
E_163,OR,
E_164,NORMAL,
E_165,IR,
E_166,OR,
E_167,NORMAL,
E_168,OR,
E_169,OR,
E_170,NORMAL,
E_171,OR,
E_172,NORMAL,
E_173,OR,
E_174,OR,
E_175,B,
E_176,OR,
E_177,IR,
E_178,IR,
E_179,OR,
E_180,NORMAL,
E_181,OR,
E_182,OR,
E_183,IR,
E_184,OR,
E_185,NORMAL,
E_186,IR,
E_187,OR,
E_188,IR,
E_189,OR,
E_190,OR,
E_191,NORMAL,
E_192,OR,
E_193,B,
E_194,OR,
E_195,OR,
E_196,NORMAL,
E_197,OR,
E_198,NORMAL,
E_199,OR,
L_0,NORMAL,
L_1,NORMAL,
L_2,NORMAL,
L_3,NORMAL,
L_4,NORMAL,
L_5,NORMAL,
L_6,NORMAL,
L_7,NORMAL,
L_8,NORMAL,
L_9,NORMAL,
L_10,NORMAL,
L_11,NORMAL,
L_12,NORMAL,
L_13,NORMAL,
L_14,NORMAL,
L_15,NORMAL,
L_16,NORMAL,
L_17,NORMAL,
L_18,NORMAL,
L_19,NORMAL,
L_20,NORMAL,
L_21,NORMAL,
L_22,NORMAL,
L_23,NORMAL,
L_24,NORMAL,
L_25,NORMAL,
L_26,NORMAL,
L_27,NORMAL,
L_28,NORMAL,
L_29,NORMAL,
L_30,NORMAL,
L_31,NORMAL,
L_32,NORMAL,
L_33,NORMAL,
L_34,NORMAL,
L_35,NORMAL,
L_36,NORMAL,
L_37,NORMAL,
L_38,NORMAL,
L_39,NORMAL,
L_40,NORMAL,
L_41,NORMAL,
L_42,NORMAL,
L_43,NORMAL,
L_44,NORMAL,
L_45,NORMAL,
L_46,NORMAL,
L_47,NORMAL,
L_48,NORMAL,
L_49,NORMAL,
L_50,NORMAL,
L_51,NORMAL,
L_52,NORMAL,
L_53,NORMAL,
L_54,NORMAL,
L_55,NORMAL,
L_56,NORMAL,
L_57,NORMAL,
L_58,NORMAL,
L_59,NORMAL,
L_60,NORMAL,
L_61,NORMAL,
L_62,NORMAL,
L_63,NORMAL,
L_64,NORMAL,
L_65,NORMAL,
L_66,NORMAL,
L_67,NORMAL,
L_68,NORMAL,
L_69,NORMAL,
L_70,NORMAL,
L_71,NORMAL,
L_72,NORMAL,
L_73,NORMAL,
L_74,NORMAL,
L_75,NORMAL,
L_76,NORMAL,
L_77,NORMAL,
L_78,NORMAL,
L_79,NORMAL,
L_80,NORMAL,
L_81,NORMAL,
L_82,NORMAL,
L_83,NORMAL,
L_84,NORMAL,
L_85,NORMAL,
L_86,NORMAL,
L_87,NORMAL,
L_88,NORMAL,
L_89,NORMAL,
L_90,NORMAL,
L_91,NORMAL,
L_92,NORMAL,
L_93,NORMAL,
L_94,NORMAL,
L_95,NORMAL,
L_96,NORMAL,
L_97,NORMAL,
L_98,NORMAL,
L_99,NORMAL,
L_100,NORMAL,
L_101,NORMAL,
L_102,NORMAL,
L_103,NORMAL,
L_104,NORMAL,
L_105,NORMAL,
L_106,NORMAL,
L_107,NORMAL,
L_108,NORMAL,
L_109,NORMAL,
L_110,NORMAL,
L_111,NORMAL,
L_112,NORMAL,
L_113,NORMAL,
L_114,NORMAL,
L_115,NORMAL,
L_116,NORMAL,
L_117,NORMAL,
L_118,NORMAL,
L_119,NORMAL,
L_120,NORMAL,
L_121,NORMAL,
L_122,NORMAL,
L_123,NORMAL,
L_124,NORMAL,
L_125,NORMAL,
L_126,NORMAL,
L_127,NORMAL,
L_128,NORMAL,
L_129,NORMAL,
L_130,NORMAL,
L_131,NORMAL,
L_132,NORMAL,
L_133,NORMAL,
L_134,NORMAL,
L_135,NORMAL,
L_136,NORMAL,
L_137,NORMAL,
L_138,NORMAL,
L_139,NORMAL,
L_140,NORMAL,
L_141,NORMAL,
L_142,NORMAL,
L_143,NORMAL,
L_144,NORMAL,
L_145,NORMAL,
L_146,NORMAL,
L_147,NORMAL,
L_148,NORMAL,
L_149,NORMAL,
L_150,NORMAL,
L_151,NORMAL,
L_152,NORMAL,
L_153,NORMAL,
L_154,NORMAL,
L_155,NORMAL,
L_156,NORMAL,
L_157,NORMAL,
L_158,NORMAL,
L_159,NORMAL,
L_160,NORMAL,
L_161,NORMAL,
L_162,NORMAL,
L_163,NORMAL,
L_164,NORMAL,
L_165,NORMAL,
L_166,NORMAL,
L_167,NORMAL,
L_168,NORMAL,
L_169,NORMAL,
L_170,NORMAL,
L_171,NORMAL,
L_172,NORMAL,
L_173,NORMAL,
L_174,NORMAL,
L_175,NORMAL,
L_176,NORMAL,
L_177,NORMAL,
L_178,NORMAL,
L_179,NORMAL,
L_180,NORMAL,
L_181,NORMAL,
L_182,NORMAL,
L_183,NORMAL,
L_184,NORMAL,
L_185,NORMAL,
L_186,NORMAL,
L_187,NORMAL,
L_188,NORMAL,
L_189,NORMAL,
L_190,NORMAL,
L_191,NORMAL,
L_192,NORMAL,
L_193,NORMAL,
L_194,NORMAL,
L_195,NORMAL,
L_196,NORMAL,
L_197,NORMAL,
L_198,NORMAL,
L_199,NORMAL,
